{"cameraMode":{"drawMode":0,"name":"Shaded","section":"Shading Mode"},"sceneLighting":false,"audioPlay":false,"sceneViewState":{"showFog":true,"showMaterialUpdate":false,"showSkybox":true,"showFlares":true,"showImageEffects":true,"showParticleSystems":true},"in2DMode":false,"pivot":{"x":15.65371322631836,"y":55.877197265625,"z":627.339599609375},"rotation":{"x":-0.0007244641310535371,"y":-0.8007003664970398,"z":0.5990638136863709,"w":-0.0009688807185739279},"size":107.22055053710938,"orthographic":false}