{"cameraMode":{"drawMode":0,"name":"Shaded","section":"Shading Mode"},"sceneLighting":false,"audioPlay":false,"sceneViewState":{"showFog":true,"showMaterialUpdate":false,"showSkybox":true,"showFlares":true,"showImageEffects":true,"showParticleSystems":true},"in2DMode":false,"pivot":{"x":-275.54998779296877,"y":0.5,"z":643.489990234375},"rotation":{"x":0.005374088417738676,"y":-0.8156753778457642,"z":0.5784353017807007,"w":0.007576651871204376},"size":27.36215591430664,"orthographic":false}