{"cameraMode":{"drawMode":0,"name":"Shaded","section":"Shading Mode"},"sceneLighting":false,"audioPlay":false,"sceneViewState":{"showFog":true,"showMaterialUpdate":false,"showSkybox":true,"showFlares":true,"showImageEffects":true,"showParticleSystems":true},"in2DMode":false,"pivot":{"x":0.3535534143447876,"y":1.1959999799728394,"z":-0.05000000819563866},"rotation":{"x":-0.00930478610098362,"y":0.9436017870903015,"z":-0.32987987995147707,"w":-0.026615655049681665},"size":1.6582294702529908,"orthographic":false}