{"cameraMode":{"drawMode":0,"name":"Shaded","section":"Shading Mode"},"sceneLighting":false,"audioPlay":false,"sceneViewState":{"showFog":true,"showMaterialUpdate":false,"showSkybox":true,"showFlares":true,"showImageEffects":true,"showParticleSystems":true},"in2DMode":false,"pivot":{"x":5.119999885559082,"y":0.5,"z":4.409999847412109},"rotation":{"x":-0.00930478610098362,"y":0.9436017870903015,"z":-0.32987987995147707,"w":-0.026615655049681665},"size":37.70567321777344,"orthographic":false}