{"cameraMode":{"drawMode":0,"name":"Shaded","section":"Shading Mode"},"sceneLighting":true,"audioPlay":false,"sceneViewState":{"showFog":true,"showMaterialUpdate":false,"showSkybox":true,"showFlares":true,"showImageEffects":true,"showParticleSystems":true},"in2DMode":false,"pivot":{"x":-141.8775634765625,"y":2.091958522796631,"z":386.60223388671877},"rotation":{"x":-0.00026078327209688723,"y":-0.9763659238815308,"z":0.21612076461315156,"w":-0.001182366395369172},"size":1076.397705078125,"orthographic":false}