{"cameraMode":{"drawMode":0,"name":"Shaded","section":"Shading Mode"},"sceneLighting":false,"audioPlay":false,"sceneViewState":{"showFog":true,"showMaterialUpdate":false,"showSkybox":true,"showFlares":true,"showImageEffects":true,"showParticleSystems":true},"in2DMode":false,"pivot":{"x":9.240005493164063,"y":7.0,"z":-147.81533813476563},"rotation":{"x":0.0003948388039134443,"y":-0.9753836393356323,"z":0.22050772607326508,"w":0.0017458974616602064},"size":20.677196502685548,"orthographic":false}