{"cameraMode":{"drawMode":0,"name":"Shaded","section":"Shading Mode"},"sceneLighting":false,"audioPlay":false,"sceneViewState":{"showFog":true,"showMaterialUpdate":false,"showSkybox":true,"showFlares":true,"showImageEffects":true,"showParticleSystems":true},"in2DMode":false,"pivot":{"x":0.10688459873199463,"y":1.584130883216858,"z":-0.5085835456848145},"rotation":{"x":-0.00930478610098362,"y":0.9436017870903015,"z":-0.32987987995147707,"w":-0.026615655049681665},"size":3.158229351043701,"orthographic":false}