{"cameraMode":{"drawMode":0,"name":"Shaded","section":"Shading Mode"},"sceneLighting":false,"audioPlay":false,"sceneViewState":{"showFog":true,"showMaterialUpdate":false,"showSkybox":true,"showFlares":true,"showImageEffects":true,"showParticleSystems":true},"in2DMode":false,"pivot":{"x":-14.86126708984375,"y":-6.130000114440918,"z":-18.53000259399414},"rotation":{"x":-0.006230602506548166,"y":-0.9457587003707886,"z":0.3243016302585602,"w":-0.018170703202486039},"size":22.0,"orthographic":false}