{"cameraMode":{"drawMode":0,"name":"Shaded","section":"Shading Mode"},"sceneLighting":false,"audioPlay":false,"sceneViewState":{"showFog":true,"showMaterialUpdate":false,"showSkybox":true,"showFlares":true,"showImageEffects":true,"showParticleSystems":true},"in2DMode":false,"pivot":{"x":12.781267166137696,"y":10.348461151123047,"z":7.630155563354492},"rotation":{"x":0.005756620317697525,"y":-0.9866828918457031,"z":0.15855777263641358,"w":0.035822030156850818},"size":22.0,"orthographic":false}