{"cameraMode":{"drawMode":0,"name":"Shaded","section":"Shading Mode"},"sceneLighting":true,"audioPlay":false,"sceneViewState":{"showFog":true,"showMaterialUpdate":false,"showSkybox":true,"showFlares":true,"showImageEffects":true,"showParticleSystems":true},"in2DMode":false,"pivot":{"x":-10.886621475219727,"y":39.221370697021487,"z":26.66505241394043},"rotation":{"x":0.09715720266103745,"y":0.8860318064689636,"z":-0.39857202768325808,"w":0.21598277986049653},"size":11.285446166992188,"orthographic":false}