{"cameraMode":{"drawMode":0,"name":"Shaded","section":"Shading Mode"},"sceneLighting":true,"audioPlay":false,"sceneViewState":{"showFog":true,"showMaterialUpdate":false,"showSkybox":true,"showFlares":true,"showImageEffects":true,"showParticleSystems":true},"in2DMode":false,"pivot":{"x":-2.7101664543151857,"y":-2.6284565925598146,"z":-198.66140747070313},"rotation":{"x":-0.04779218137264252,"y":0.9317094087600708,"z":-0.33454060554504397,"w":-0.1331019550561905},"size":39.22201156616211,"orthographic":false}