{"cameraMode":{"drawMode":0,"name":"Shaded","section":"Shading Mode"},"sceneLighting":false,"audioPlay":false,"sceneViewState":{"showFog":true,"showMaterialUpdate":false,"showSkybox":true,"showFlares":true,"showImageEffects":true,"showParticleSystems":true},"in2DMode":false,"pivot":{"x":-12.245556831359864,"y":-54.00381851196289,"z":-2.1739754676818849},"rotation":{"x":-0.1631169617176056,"y":0.8147854208946228,"z":-0.4837828576564789,"w":-0.27472129464149477},"size":137.6253662109375,"orthographic":false}