{"cameraMode":{"drawMode":0,"name":"Shaded","section":"Shading Mode"},"sceneLighting":false,"audioPlay":false,"sceneViewState":{"showFog":true,"showMaterialUpdate":false,"showSkybox":true,"showFlares":true,"showImageEffects":true,"showParticleSystems":true},"in2DMode":false,"pivot":{"x":9.240005493164063,"y":7.0,"z":-147.81533813476563},"rotation":{"x":0.007174278609454632,"y":0.8220255374908447,"z":-0.5693112015724182,"w":0.010359562002122403},"size":8.573651313781739,"orthographic":false}