{"cameraMode":{"drawMode":0,"name":"Shaded","section":"Shading Mode"},"sceneLighting":false,"audioPlay":false,"sceneViewState":{"showFog":true,"showMaterialUpdate":false,"showSkybox":true,"showFlares":true,"showImageEffects":true,"showParticleSystems":true},"in2DMode":false,"pivot":{"x":3.5035533905029299,"y":0.9155367612838745,"z":1.8919148445129395},"rotation":{"x":0.007174278609454632,"y":0.8220255374908447,"z":-0.5693112015724182,"w":0.010359562002122403},"size":1.6582293510437012,"orthographic":false}