{"cameraMode":{"drawMode":0,"name":"Shaded","section":"Shading Mode"},"sceneLighting":false,"audioPlay":false,"sceneViewState":{"showFog":true,"showMaterialUpdate":false,"showSkybox":true,"showFlares":true,"showImageEffects":true,"showParticleSystems":true},"in2DMode":false,"pivot":{"x":-21.40240478515625,"y":-10.670073509216309,"z":-236.8069305419922},"rotation":{"x":0.003157388884574175,"y":0.9826593995094299,"z":-0.1846296489238739,"w":0.016806721687316896},"size":1234.6453857421875,"orthographic":false}