{"cameraMode":{"drawMode":0,"name":"Shaded","section":"Shading Mode"},"sceneLighting":false,"audioPlay":false,"sceneViewState":{"showFog":true,"showMaterialUpdate":false,"showSkybox":true,"showFlares":true,"showImageEffects":true,"showParticleSystems":true},"in2DMode":false,"pivot":{"x":2.0000009536743166,"y":2.654257297515869,"z":-16.809999465942384},"rotation":{"x":0.007174278609454632,"y":0.8220255374908447,"z":-0.5693112015724182,"w":0.010359562002122403},"size":51.76972198486328,"orthographic":false}