{"cameraMode":{"drawMode":0,"name":"Shaded","section":"Shading Mode"},"sceneLighting":true,"audioPlay":false,"sceneViewState":{"showFog":true,"showMaterialUpdate":false,"showSkybox":true,"showFlares":true,"showImageEffects":true,"showParticleSystems":true},"in2DMode":false,"pivot":{"x":-11.129146575927735,"y":39.73048782348633,"z":25.892568588256837},"rotation":{"x":0.09715720266103745,"y":0.8860318064689636,"z":-0.39857202768325808,"w":0.21598277986049653},"size":3.3540761470794679,"orthographic":false}