{"cameraMode":{"drawMode":0,"name":"Shaded","section":"Shading Mode"},"sceneLighting":false,"audioPlay":false,"sceneViewState":{"showFog":true,"showMaterialUpdate":false,"showSkybox":true,"showFlares":true,"showImageEffects":true,"showParticleSystems":true},"in2DMode":false,"pivot":{"x":0.3535534143447876,"y":1.1959999799728394,"z":3.7899999618530275},"rotation":{"x":0.007174278609454632,"y":0.8220255374908447,"z":-0.5693112015724182,"w":0.010359562002122403},"size":1.6582294702529908,"orthographic":false}