{"cameraMode":{"drawMode":0,"name":"Shaded","section":"Shading Mode"},"sceneLighting":false,"audioPlay":false,"sceneViewState":{"showFog":true,"showMaterialUpdate":false,"showSkybox":true,"showFlares":true,"showImageEffects":true,"showParticleSystems":true},"in2DMode":false,"pivot":{"x":-2.0799996852874758,"y":1.0799155235290528,"z":-0.08086426556110382},"rotation":{"x":0.09075669199228287,"y":0.9012373089790344,"z":-0.35602444410324099,"w":0.2297416478395462},"size":5.231776714324951,"orthographic":false}