{"cameraMode":{"drawMode":0,"name":"Shaded","section":"Shading Mode"},"sceneLighting":false,"audioPlay":false,"sceneViewState":{"showFog":true,"showMaterialUpdate":false,"showSkybox":true,"showFlares":true,"showImageEffects":true,"showParticleSystems":true},"in2DMode":false,"pivot":{"x":3.955000400543213,"y":3.0,"z":19.599998474121095},"rotation":{"x":0.007174278609454632,"y":0.8220255374908447,"z":-0.5693112015724182,"w":0.010359562002122403},"size":40.836082458496097,"orthographic":false}