{"cameraMode":{"drawMode":0,"name":"Shaded","section":"Shading Mode"},"sceneLighting":false,"audioPlay":false,"sceneViewState":{"showFog":true,"showMaterialUpdate":false,"showSkybox":true,"showFlares":true,"showImageEffects":true,"showParticleSystems":true},"in2DMode":false,"pivot":{"x":-0.5170336961746216,"y":1.660876989364624,"z":23.012470245361329},"rotation":{"x":0.010829795151948929,"y":0.9638251662254334,"z":-0.26334914565086367,"w":0.039637163281440738},"size":7.330324172973633,"orthographic":false}