{"cameraMode":{"drawMode":0,"name":"Shaded","section":"Shading Mode"},"sceneLighting":true,"audioPlay":false,"sceneViewState":{"showFog":true,"showMaterialUpdate":false,"showSkybox":true,"showFlares":true,"showImageEffects":true,"showParticleSystems":true},"in2DMode":false,"pivot":{"x":5.794985771179199,"y":7.392078876495361,"z":28.475210189819337},"rotation":{"x":-0.0479542575776577,"y":0.9470885992050171,"z":-0.26855963468551638,"w":-0.16911350190639497},"size":10.0,"orthographic":false}